﻿{"COMENTARIO_01":"-----      TRANSPORTE MULTIMODAL  ---------------------------------------------------------------------------------------","COMENTARIO_02":"--------------------------------------------------------  GRUPO AGENCIA  ------------------------------------------------","AGENCIA_CIF":"B-46828158","AGENCIA_NOMBRE":"LEADER TRANSPORT S.L","AGENCIA_OFICINA":"V","AGENCIA_DIRECCION":"C\\ Dr. J.J.Domine, 18 1 Izq.","AGENCIA_CP":"46011","AGENCIA_POBLACION":"VALENCIA","AGENCIA_PROVINCIA":"VALENCIA","AGENCIA_PAIS":"ESPA\u00D1A","AGENCIA_TELEFONO":"96 316 41 60","AGENCIA_EMAIL":"transporte@leader-transport.com","COMENTARIO_03":"--------------------------------------------------------  GRUPO ORDEN TTE  ----------------------------------------------","TTE_COD":33509503,"TTE_RUPTOR":3,"TTE_ORDEN":"335095\/3","TTE_FECHA_CARGA":"2023-12-15","TTE_HORA_CARGA":null,"TTE_REF_CONSIG":null,"TTE_FECHA_ESTIMADA_RECOGIDA":null,"TTE_FECHA_ESTIMADA_ENTREGA":null,"TTE_BORRADO":false,"TTE_TIPO_ORDEN":"N","TTE_IMPORTACION":false,"TTE_TERRESTRE":false,"TTE_MULTIMODAL":true,"FECHA_CARGA_REAL":null,"HORA_RECOGIDA":null,"HORA_ENTREGA":null,"COMENTARIO_04":"--------------------------------------------------------  GRUPO CONSIGNATARIO  ------------------------------------------","CONSIGNATARIO":null,"CONSIGNATARIO_NIF":null,"COMENTARIO_05":"--------------------------------------------------------  GRUPO TRANSPORTISTA  ------------------------------------------","TRANSPORTISTA_COD":191,"TRANSPORTISTA_NOMBRE":"LEADER T. S.L.","TRANSPORTISTA_DIRECCION":"JJ DOMINE 18 IZQ","TRANSPORTISTA_CP":"46011","TRANSPORTISTA_POBLACION":"VALENCIA","TRANSPORTISTA_PROVINCIA":"VALENCIA","TRANSPORTISTA_PAIS":"ESPA\u00D1A","TRANSPORTISTA_NIF":"B46828158","CONDUCTOR_NOMBRE":"CIPRIAN A. IONESCU","CONDUCTOR_NIF":"X8330591Z","CONDUCTOR_EMAIL":"ciprian.aurel.leader@gmail.com","TRACTORA":"2821KXV","PLATAFORMA":"R4577BCT","PLATAFORMA_TIPO":"TAULINER","COMENTARIO_10":"--------------------------------------------------------  GRUPO TEMPERATURA  --------------------------------------------","TEMP_MINIMA":0,"TEMP_MAXIMA":0,"TEMP_MEDIDA":null,"TEMP_CONECTAR":null,"COMENTARIO_11":"--------------------------------------------------------  GRUPO EXTRA  --------------------------------------------------","EXTRA_FRONT":0,"EXTRA_BACK":0,"EXTRA_RIGHT":0,"EXTRA_LEFT":0,"EXTRA_ALTO":0,"COMENTARIO_12":"--------------------------------------------------------  GRUPO IMO  ----------------------------------------------------","IMO_CLASE":null,"IMO_PAGINA":null,"IMO_VERSION":null,"IMO_ONU":null,"IMO_PORT_NOTIFICATION":null,"COMENTARIO_16":"--------------------------------------------------------  GRUPO CARGADOR ------------------------------------------------","CARGADOR_CIF":"IT07014871219","CARGADOR_NOMBRE":"RAPID WAY, S.R.L.","CARGADOR_DIRECCION":"VIALE CASSANO, 24","CARGADOR_CP":"80055","CARGADOR_POBLACION":"PORTICI (NA)","CARGADOR_PROVINCIA":"ITALIA","CARGADOR_PAIS":"ITALIA","CARGADOR_REF_CARGA":"IT-ES-DR-2621-2023","COMENTARIO_17":"--------------------------------------------------------  GRUPO LUGARES  ------------------------------------------------","LUGAR_COMIENZO":18426,"LUGAR_COMIENZO_NOMBRE":"SAGUNTO","LUGARES_CARGA":[],"LUGARES_DESCARGA":[{"LUGAR_COD":203350950301,"LUGAR_NOMBRE":"SEDA IBERICA","LUGAR_DIRECCION":"ESTRADA DE PA\u00C7O DE ARCOS 50","LUGAR_CP":"2770-13","LUGAR_POBLACION":"PA\u00C7O DE ARCOS","LUGAR_PROVINCIA":"PORTUGAL","LUGAR_PAIS":null,"LUGAR_TELEFONO":null,"LUGAR_IMPORTE":900,"LUGAR_FECHA_DESCARGA":null,"LUGAR_HORA_DESCARGA":null,"LUGAR_REF_DESCARGA":null,"LUGAR_OBSERVACIONES_DESCARGA":null,"LUGAR_BULTOS_DESCARGA":null,"LUGAR_MERCANCIA_DESCARGA":null,"LUGAR_KILOS_DESCARGA":null,"LUGAR_METROS_DESCARGA":null,"LUGAR_MARCAS_DESCARGA":null,"LUGAR_REF_DESCARGA":"null","LUGAR_MERCANCIA_DESCARGA":"","LUGAR_KILOS_DESCARGA":"","LUGAR_BULTOS_DESCARGA":""},{"LUGAR_COD":203350950302,"LUGAR_NOMBRE":"SAO DOMINGOS DE RANA","LUGAR_DIRECCION":"SAO DOMINGOS DE RANA","LUGAR_CP":"2785 54","LUGAR_POBLACION":"SAO DOMINGOS DE RANA","LUGAR_PROVINCIA":"PORTUGAL","LUGAR_PAIS":null,"LUGAR_TELEFONO":null,"LUGAR_IMPORTE":900,"LUGAR_FECHA_DESCARGA":null,"LUGAR_HORA_DESCARGA":null,"LUGAR_REF_DESCARGA":null,"LUGAR_OBSERVACIONES_DESCARGA":null,"LUGAR_BULTOS_DESCARGA":null,"LUGAR_MERCANCIA_DESCARGA":null,"LUGAR_KILOS_DESCARGA":null,"LUGAR_METROS_DESCARGA":null,"LUGAR_MARCAS_DESCARGA":null,"LUGAR_REF_DESCARGA":"null","LUGAR_MERCANCIA_DESCARGA":"","LUGAR_KILOS_DESCARGA":"","LUGAR_BULTOS_DESCARGA":""}],"LUGAR_FIN":23406,"LUGAR_FIN_NOMBRE":"SAO DOMINGOS DE","COMENTARIO_18":"--------------------------------------------------------  GRUPO OBSERVACIONES  ------------------------------------------","OBSERVACIONES":"","OBS_TRANSPORTISTA":"","OBS_RECOGER":"","OBS_DEJAR":"","COMENTARIO_19":"--------------------------------------------------------  GRUPO CMR   ---------------------------------------------------","CMR":[],"COMENTARIO_99":"-------------------------------------------------------------------------------------------------------------------------"}