﻿{"COMENTARIO_01":"-----      TRANSPORTE TERRESTRE  ----------------------------------------------------------------------------------------","COMENTARIO_02":"--------------------------------------------------------  GRUPO AGENCIA  ------------------------------------------------","AGENCIA_CIF":"B-46828158","AGENCIA_NOMBRE":"LEADER TRANSPORT S.L","AGENCIA_OFICINA":"V","AGENCIA_DIRECCION":"C\\ Dr. J.J.Domine, 18 1 Izq.","AGENCIA_CP":"46011","AGENCIA_POBLACION":"VALENCIA","AGENCIA_PROVINCIA":"VALENCIA","AGENCIA_PAIS":"ESPA\u00D1A","AGENCIA_TELEFONO":"96 316 41 60","AGENCIA_EMAIL":"transporte@leader-transport.com","COMENTARIO_03":"--------------------------------------------------------  GRUPO ORDEN TTE  ----------------------------------------------","TTE_COD":33922200,"TTE_RUPTOR":0,"TTE_ORDEN":339222,"TTE_FECHA_CARGA":"2024-10-08","TTE_HORA_CARGA":null,"TTE_REF_CONSIG":null,"TTE_FECHA_ESTIMADA_RECOGIDA":null,"TTE_FECHA_ESTIMADA_ENTREGA":null,"TTE_BORRADO":false,"TTE_TIPO_ORDEN":"N","TTE_IMPORTACION":false,"TTE_TERRESTRE":true,"TTE_MULTIMODAL":false,"FECHA_CARGA_REAL":null,"HORA_RECOGIDA":null,"HORA_ENTREGA":null,"COMENTARIO_04":"--------------------------------------------------------  GRUPO CONSIGNATARIO  ------------------------------------------","CONSIGNATARIO":null,"CONSIGNATARIO_NIF":null,"COMENTARIO_05":"--------------------------------------------------------  GRUPO TRANSPORTISTA  ------------------------------------------","TRANSPORTISTA_COD":2940,"TRANSPORTISTA_NOMBRE":"TRANSDAMIAN S.L","TRANSPORTISTA_DIRECCION":"CASTELAO 2, LOCAL 14 POLG. IND. GUADALHORCE","TRANSPORTISTA_CP":"29004","TRANSPORTISTA_POBLACION":"MALAGA","TRANSPORTISTA_PROVINCIA":"MALAGA","TRANSPORTISTA_PAIS":"ESPA\u00D1A","TRANSPORTISTA_NIF":"B29865235","CONDUCTOR_NOMBRE":"TRANSDAMIAN","CONDUCTOR_NIF":".","CONDUCTOR_EMAIL":"transdamian@transdamian.es","TRACTORA":"9678JLG","PLATAFORMA":"R2809BBR","PLATAFORMA_TIPO":"TAULINER","COMENTARIO_10":"--------------------------------------------------------  GRUPO TEMPERATURA  --------------------------------------------","TEMP_MINIMA":0,"TEMP_MAXIMA":0,"TEMP_MEDIDA":null,"TEMP_CONECTAR":null,"COMENTARIO_11":"--------------------------------------------------------  GRUPO EXTRA  --------------------------------------------------","EXTRA_FRONT":0,"EXTRA_BACK":0,"EXTRA_RIGHT":0,"EXTRA_LEFT":0,"EXTRA_ALTO":0,"COMENTARIO_12":"--------------------------------------------------------  GRUPO IMO  ----------------------------------------------------","IMO_CLASE":null,"IMO_PAGINA":null,"IMO_VERSION":null,"IMO_ONU":null,"IMO_PORT_NOTIFICATION":null,"COMENTARIO_16":"--------------------------------------------------------  GRUPO CARGADOR ------------------------------------------------","CARGADOR_CIF":"A46072716","CARGADOR_NOMBRE":"CONSIGNACIONES MARITIMAS INTERNACIONALES, S.A.","CARGADOR_DIRECCION":"DR.J.J.DOMINE, 18 IZQUIERDA","CARGADOR_CP":"46011","CARGADOR_POBLACION":"VALENCIA","CARGADOR_PROVINCIA":"VALENCIA","CARGADOR_PAIS":"ESPA\u00D1A","CARGADOR_REF_CARGA":"42929-24","COMENTARIO_17":"--------------------------------------------------------  GRUPO LUGARES  ------------------------------------------------","LUGAR_COMIENZO":0,"LUGAR_COMIENZO_NOMBRE":null,"LUGARES_CARGA":[{"LUGAR_COD":103392220001,"LUGAR_NOMBRE":"","LUGAR_DIRECCION":"","LUGAR_CP":"","LUGAR_POBLACION":null,"LUGAR_PROVINCIA":null,"LUGAR_PAIS":null,"LUGAR_TELEFONO":null,"LUGAR_FECHA_CARGA":"2024-10-08","LUGAR_HORA_CARGA":"13:00:00","LUGAR_REF_CARGA":null,"LUGAR_OBSERVACIONES_CARGA":null,"LUGAR_BULTOS_CARGA":null,"LUGAR_MERCANCIA_CARGA":null,"LUGAR_KILOS_CARGA":null,"LUGAR_METROS_CARGA":null,"LUGAR_MARCAS_CARGA":null,"LUGAR_COD":103392220001,"LUGAR_NOMBRE":"PLASTICOS FERRA","LUGAR_DIRECCION":"P.I EL CARRASCOT, C\/ TALLADORS S\/N","LUGAR_CP":"46850","LUGAR_POBLACION":"OLLERIA, L'","LUGAR_PROVINCIA":"VALENCIA","LUGAR_PAIS":null,"LUGAR_TELEFONO":"96 220 03 66","LUGAR_FECHA_CARGA":"2024-10-08","LUGAR_HORA_CARGA":"13:00:00","LUGAR_REF_CARGA":null,"LUGAR_OBSERVACIONES_CARGA":null,"LUGAR_BULTOS_CARGA":null,"LUGAR_MERCANCIA_CARGA":null,"LUGAR_KILOS_CARGA":null,"LUGAR_METROS_CARGA":null,"LUGAR_MARCAS_CARGA":null,"LUGAR_REF_CARGA":"CAT. PERF CEUTA - CAMION 3","LUGAR_MERCANCIA_CARGA":"TUBOS PLASTICO","LUGAR_KILOS_CARGA":"12000","LUGAR_BULTOS_CARGA":"1"}],"LUGARES_DESCARGA":[{"LUGAR_COD":203392220001,"LUGAR_NOMBRE":"","LUGAR_DIRECCION":"","LUGAR_CP":"","LUGAR_POBLACION":null,"LUGAR_PROVINCIA":null,"LUGAR_PAIS":null,"LUGAR_TELEFONO":null,"LUGAR_FECHA_DESCARGA":"2024-10-10","LUGAR_HORA_DESCARGA":null,"LUGAR_REF_DESCARGA":null,"LUGAR_OBSERVACIONES_DESCARGA":"IMPRESCINDIBLE RESPETAR LA FECHA DE DESCARGA EN CEUTA","LUGAR_BULTOS_DESCARGA":null,"LUGAR_MERCANCIA_DESCARGA":null,"LUGAR_KILOS_DESCARGA":null,"LUGAR_METROS_DESCARGA":null,"LUGAR_MARCAS_DESCARGA":null,"LUGAR_COD":203392220001,"LUGAR_NOMBRE":"OBRA CEUTA -CAT","LUGAR_DIRECCION":"AVD. MARTINEZ CATENA","LUGAR_CP":"51002","LUGAR_POBLACION":"CEUTA","LUGAR_PROVINCIA":"CEUTA","LUGAR_PAIS":null,"LUGAR_TELEFONO":null,"LUGAR_FECHA_DESCARGA":"2024-10-10","LUGAR_HORA_DESCARGA":null,"LUGAR_REF_DESCARGA":null,"LUGAR_OBSERVACIONES_DESCARGA":"IMPRESCINDIBLE RESPETAR LA FECHA DE DESCARGA EN CEUTA","LUGAR_BULTOS_DESCARGA":null,"LUGAR_MERCANCIA_DESCARGA":null,"LUGAR_KILOS_DESCARGA":null,"LUGAR_METROS_DESCARGA":null,"LUGAR_MARCAS_DESCARGA":null,"LUGAR_REF_DESCARGA":"CAT. PERF CEUTA - CAMION 3","LUGAR_MERCANCIA_DESCARGA":"TUBOS PLASTICO","LUGAR_KILOS_DESCARGA":"12000","LUGAR_BULTOS_DESCARGA":"1"}],"LUGAR_FIN":0,"LUGAR_FIN_NOMBRE":null,"COMENTARIO_18":"--------------------------------------------------------  GRUPO OBSERVACIONES  ------------------------------------------","OBSERVACIONES":"","OBS_TRANSPORTISTA":"9678-JLG/R-2809-BBR\r\nJuan Peral Henares\r\n24881695-L\r\nTLFO: 646448533\r\n","OBS_RECOGER":"","OBS_DEJAR":"","COMENTARIO_19":"--------------------------------------------------------  GRUPO CMR   ---------------------------------------------------","CMR":[{"LUGAR_CARGA":{"LUGAR_COD":103392220001,"LUGAR_NOMBRE":"","LUGAR_DIRECCION":"","LUGAR_CP":"","LUGAR_POBLACION":null,"LUGAR_PROVINCIA":null,"LUGAR_PAIS":null,"LUGAR_TELEFONO":null,"LUGAR_FECHA_CARGA":"2024-10-08","LUGAR_HORA_CARGA":"13:00:00","LUGAR_REF_CARGA":null,"LUGAR_OBSERVACIONES_CARGA":null,"LUGAR_BULTOS_CARGA":null,"LUGAR_MERCANCIA_CARGA":null,"LUGAR_KILOS_CARGA":null,"LUGAR_METROS_CARGA":null,"LUGAR_MARCAS_CARGA":null,"LUGAR_COD":103392220001,"LUGAR_NOMBRE":"PLASTICOS FERRA","LUGAR_DIRECCION":"P.I EL CARRASCOT, C\/ TALLADORS S\/N","LUGAR_CP":"46850","LUGAR_POBLACION":"OLLERIA, L'","LUGAR_PROVINCIA":"VALENCIA","LUGAR_PAIS":null,"LUGAR_TELEFONO":"96 220 03 66","LUGAR_FECHA_CARGA":"2024-10-08","LUGAR_HORA_CARGA":"13:00:00","LUGAR_REF_CARGA":null,"LUGAR_OBSERVACIONES_CARGA":null,"LUGAR_BULTOS_CARGA":null,"LUGAR_MERCANCIA_CARGA":null,"LUGAR_KILOS_CARGA":null,"LUGAR_METROS_CARGA":null,"LUGAR_MARCAS_CARGA":null,"LUGAR_REF_CARGA":"CAT. PERF CEUTA - CAMION 3","LUGAR_MERCANCIA_CARGA":"TUBOS PLASTICO","LUGAR_KILOS_CARGA":"12000","LUGAR_BULTOS_CARGA":"1"},"LUGAR_DESCARGA":{"LUGAR_COD":203392220001,"LUGAR_NOMBRE":"","LUGAR_DIRECCION":"","LUGAR_CP":"","LUGAR_POBLACION":null,"LUGAR_PROVINCIA":null,"LUGAR_PAIS":null,"LUGAR_TELEFONO":null,"LUGAR_FECHA_DESCARGA":"2024-10-10","LUGAR_HORA_DESCARGA":null,"LUGAR_REF_DESCARGA":null,"LUGAR_OBSERVACIONES_DESCARGA":"IMPRESCINDIBLE RESPETAR LA FECHA DE DESCARGA EN CEUTA","LUGAR_BULTOS_DESCARGA":null,"LUGAR_MERCANCIA_DESCARGA":null,"LUGAR_KILOS_DESCARGA":null,"LUGAR_METROS_DESCARGA":null,"LUGAR_MARCAS_DESCARGA":null,"LUGAR_COD":203392220001,"LUGAR_NOMBRE":"OBRA CEUTA -CAT","LUGAR_DIRECCION":"AVD. MARTINEZ CATENA","LUGAR_CP":"51002","LUGAR_POBLACION":"CEUTA","LUGAR_PROVINCIA":"CEUTA","LUGAR_PAIS":null,"LUGAR_TELEFONO":null,"LUGAR_FECHA_DESCARGA":"2024-10-10","LUGAR_HORA_DESCARGA":null,"LUGAR_REF_DESCARGA":null,"LUGAR_OBSERVACIONES_DESCARGA":"IMPRESCINDIBLE RESPETAR LA FECHA DE DESCARGA EN CEUTA","LUGAR_BULTOS_DESCARGA":null,"LUGAR_MERCANCIA_DESCARGA":null,"LUGAR_KILOS_DESCARGA":null,"LUGAR_METROS_DESCARGA":null,"LUGAR_MARCAS_DESCARGA":null,"LUGAR_REF_DESCARGA":"CAT. PERF CEUTA - CAMION 3","LUGAR_MERCANCIA_DESCARGA":"TUBOS PLASTICO","LUGAR_KILOS_DESCARGA":"12000","LUGAR_BULTOS_DESCARGA":"1"},"CONDUCTOR_NOMBRE":"TRANSDAMIAN","CONDUCTOR_NIF":".","TRACTORA":"9678JLG","PLATAFORMA":"R2809BBR"}],"COMENTARIO_99":"-------------------------------------------------------------------------------------------------------------------------"}