﻿{"COMENTARIO_01":"-----      TRANSPORTE MULTIMODAL  ---------------------------------------------------------------------------------------","COMENTARIO_02":"--------------------------------------------------------  GRUPO AGENCIA  ------------------------------------------------","AGENCIA_CIF":"B-46828158","AGENCIA_NOMBRE":"LEADER TRANSPORT S.L","AGENCIA_OFICINA":"V","AGENCIA_DIRECCION":"C\\ Dr. J.J.Domine, 18 1 Izq.","AGENCIA_CP":"46011","AGENCIA_POBLACION":"VALENCIA","AGENCIA_PROVINCIA":"VALENCIA","AGENCIA_PAIS":"ESPA\u00D1A","AGENCIA_TELEFONO":"96 316 41 60","AGENCIA_EMAIL":"transporte@leader-transport.com","COMENTARIO_03":"--------------------------------------------------------  GRUPO ORDEN TTE  ----------------------------------------------","TTE_COD":33948401,"TTE_RUPTOR":1,"TTE_ORDEN":"339484\/1","TTE_FECHA_CARGA":"2024-10-04","TTE_HORA_CARGA":null,"TTE_REF_CONSIG":null,"TTE_FECHA_ESTIMADA_RECOGIDA":null,"TTE_FECHA_ESTIMADA_ENTREGA":null,"TTE_BORRADO":false,"TTE_TIPO_ORDEN":"N","TTE_IMPORTACION":false,"TTE_TERRESTRE":false,"TTE_MULTIMODAL":true,"FECHA_CARGA_REAL":null,"HORA_RECOGIDA":null,"HORA_ENTREGA":null,"COMENTARIO_04":"--------------------------------------------------------  GRUPO CONSIGNATARIO  ------------------------------------------","CONSIGNATARIO":null,"CONSIGNATARIO_NIF":null,"COMENTARIO_05":"--------------------------------------------------------  GRUPO TRANSPORTISTA  ------------------------------------------","TRANSPORTISTA_COD":2785,"TRANSPORTISTA_NOMBRE":"GEMINI TRASPORT","TRANSPORTISTA_DIRECCION":"VIA CAMPO SPORTIVO, 22","TRANSPORTISTA_CP":"84085","TRANSPORTISTA_POBLACION":"MERCATO S. SEVERINO (SA)","TRANSPORTISTA_PROVINCIA":"ITALIA","TRANSPORTISTA_PAIS":null,"TRANSPORTISTA_NIF":"IT05346880650","CONDUCTOR_NOMBRE":"GEMINI TRASPORTI SRL","CONDUCTOR_NIF":"IT05346880650","CONDUCTOR_EMAIL":"geminitrasporti@libero.it","TRACTORA":null,"PLATAFORMA":"R5849BCH","PLATAFORMA_TIPO":"TAULINER","COMENTARIO_10":"--------------------------------------------------------  GRUPO TEMPERATURA  --------------------------------------------","TEMP_MINIMA":0,"TEMP_MAXIMA":0,"TEMP_MEDIDA":null,"TEMP_CONECTAR":null,"COMENTARIO_11":"--------------------------------------------------------  GRUPO EXTRA  --------------------------------------------------","EXTRA_FRONT":0,"EXTRA_BACK":0,"EXTRA_RIGHT":0,"EXTRA_LEFT":0,"EXTRA_ALTO":0,"COMENTARIO_12":"--------------------------------------------------------  GRUPO IMO  ----------------------------------------------------","IMO_CLASE":null,"IMO_PAGINA":null,"IMO_VERSION":null,"IMO_ONU":null,"IMO_PORT_NOTIFICATION":null,"COMENTARIO_16":"--------------------------------------------------------  GRUPO CARGADOR ------------------------------------------------","CARGADOR_CIF":"IT07014871219","CARGADOR_NOMBRE":"RAPID WAY, S.R.L.","CARGADOR_DIRECCION":"VIALE CASSANO, 24","CARGADOR_CP":"80055","CARGADOR_POBLACION":"PORTICI (NA)","CARGADOR_PROVINCIA":"ITALIA","CARGADOR_PAIS":"ITALIA","CARGADOR_REF_CARGA":"IT-ES-OT-2255-2024","COMENTARIO_17":"--------------------------------------------------------  GRUPO LUGARES  ------------------------------------------------","LUGAR_COMIENZO":23184,"LUGAR_COMIENZO_NOMBRE":"PARKING GEMINI","LUGARES_CARGA":[{"LUGAR_COD":103394840101,"LUGAR_NOMBRE":"RAPID WAY","LUGAR_DIRECCION":"VIA CONSORTILE ZONA ASI VEGA 6","LUGAR_CP":"81032","LUGAR_POBLACION":"CARINARO","LUGAR_PROVINCIA":"ITALIA","LUGAR_PAIS":null,"LUGAR_TELEFONO":null,"LUGAR_IMPORTE":600,"LUGAR_FECHA_CARGA":null,"LUGAR_HORA_CARGA":null,"LUGAR_REF_CARGA":null,"LUGAR_OBSERVACIONES_CARGA":null,"LUGAR_BULTOS_CARGA":null,"LUGAR_MERCANCIA_CARGA":null,"LUGAR_KILOS_CARGA":null,"LUGAR_METROS_CARGA":null,"LUGAR_MARCAS_CARGA":null,"LUGAR_REF_CARGA":"null","LUGAR_MERCANCIA_CARGA":"","LUGAR_KILOS_CARGA":"","LUGAR_BULTOS_CARGA":""}],"LUGARES_DESCARGA":[],"LUGAR_FIN":18630,"LUGAR_FIN_NOMBRE":"PORTO SALERNO","COMENTARIO_18":"--------------------------------------------------------  GRUPO OBSERVACIONES  ------------------------------------------","OBSERVACIONES":"","OBS_TRANSPORTISTA":"","OBS_RECOGER":"","OBS_DEJAR":"","COMENTARIO_19":"--------------------------------------------------------  GRUPO CMR   ---------------------------------------------------","CMR":[],"COMENTARIO_99":"-------------------------------------------------------------------------------------------------------------------------"}