﻿{"COMENTARIO_01":"-----      TRANSPORTE MULTIMODAL  ---------------------------------------------------------------------------------------","COMENTARIO_02":"--------------------------------------------------------  GRUPO AGENCIA  ------------------------------------------------","AGENCIA_CIF":"B-46828158","AGENCIA_NOMBRE":"LEADER TRANSPORT S.L","AGENCIA_OFICINA":"V","AGENCIA_DIRECCION":"C\\ Dr. J.J.Domine, 18 1 Izq.","AGENCIA_CP":"46011","AGENCIA_POBLACION":"VALENCIA","AGENCIA_PROVINCIA":"VALENCIA","AGENCIA_PAIS":"ESPA\u00D1A","AGENCIA_TELEFONO":"96 316 41 60","AGENCIA_EMAIL":"transporte@leader-transport.com","COMENTARIO_03":"--------------------------------------------------------  GRUPO ORDEN TTE  ----------------------------------------------","TTE_COD":33963001,"TTE_RUPTOR":1,"TTE_ORDEN":"339630\/1","TTE_FECHA_CARGA":"2024-10-17","TTE_HORA_CARGA":"10:00:00","TTE_REF_CONSIG":null,"TTE_FECHA_ESTIMADA_RECOGIDA":null,"TTE_FECHA_ESTIMADA_ENTREGA":null,"TTE_BORRADO":false,"TTE_TIPO_ORDEN":"N","TTE_IMPORTACION":false,"TTE_TERRESTRE":false,"TTE_MULTIMODAL":true,"FECHA_CARGA_REAL":null,"HORA_RECOGIDA":null,"HORA_ENTREGA":null,"COMENTARIO_04":"--------------------------------------------------------  GRUPO CONSIGNATARIO  ------------------------------------------","CONSIGNATARIO":null,"CONSIGNATARIO_NIF":null,"COMENTARIO_05":"--------------------------------------------------------  GRUPO TRANSPORTISTA  ------------------------------------------","TRANSPORTISTA_COD":191,"TRANSPORTISTA_NOMBRE":"LEADER T. S.L.","TRANSPORTISTA_DIRECCION":"JJ DOMINE 18 IZQ","TRANSPORTISTA_CP":"46011","TRANSPORTISTA_POBLACION":"VALENCIA","TRANSPORTISTA_PROVINCIA":"VALENCIA","TRANSPORTISTA_PAIS":"ESPA\u00D1A","TRANSPORTISTA_NIF":"B46828158","CONDUCTOR_NOMBRE":"TEODOR-SORIN BORTAN","CONDUCTOR_NIF":"X9360212V","CONDUCTOR_EMAIL":"teoexpressrivas@gmail.com","TRACTORA":"2821KXV","PLATAFORMA":"R4577BCT","PLATAFORMA_TIPO":"TAULINER","COMENTARIO_10":"--------------------------------------------------------  GRUPO TEMPERATURA  --------------------------------------------","TEMP_MINIMA":0,"TEMP_MAXIMA":0,"TEMP_MEDIDA":null,"TEMP_CONECTAR":null,"COMENTARIO_11":"--------------------------------------------------------  GRUPO EXTRA  --------------------------------------------------","EXTRA_FRONT":0,"EXTRA_BACK":0,"EXTRA_RIGHT":0,"EXTRA_LEFT":0,"EXTRA_ALTO":0,"COMENTARIO_12":"--------------------------------------------------------  GRUPO IMO  ----------------------------------------------------","IMO_CLASE":null,"IMO_PAGINA":null,"IMO_VERSION":null,"IMO_ONU":null,"IMO_PORT_NOTIFICATION":null,"COMENTARIO_16":"--------------------------------------------------------  GRUPO CARGADOR ------------------------------------------------","CARGADOR_CIF":"PT514140828","CARGADOR_NOMBRE":"OFERTALCANCE UNIPERSSOAL LDA","CARGADOR_DIRECCION":"RUA MAESTRO CARLOS SILVA 6 R\/C FRENTE","CARGADOR_CP":"2500-231","CARGADOR_POBLACION":"CALDAS DA RAINHA","CARGADOR_PROVINCIA":"PORTUGAL","CARGADOR_PAIS":"PORTUGAL","CARGADOR_REF_CARGA":"202402746","COMENTARIO_17":"--------------------------------------------------------  GRUPO LUGARES  ------------------------------------------------","LUGAR_COMIENZO":24442,"LUGAR_COMIENZO_NOMBRE":"TRANSTACT CARGO","LUGARES_CARGA":[{"LUGAR_COD":103396300101,"LUGAR_NOMBRE":"SUGALIDAL","LUGAR_DIRECCION":"FONTE DAS SOMBRAS APARTADO 6","LUGAR_CP":"2130-10","LUGAR_POBLACION":"BENAVENTE   FRAZENDES","LUGAR_PROVINCIA":"PORTUGAL","LUGAR_PAIS":null,"LUGAR_TELEFONO":null,"LUGAR_IMPORTE":900,"LUGAR_FECHA_CARGA":null,"LUGAR_HORA_CARGA":null,"LUGAR_REF_CARGA":null,"LUGAR_OBSERVACIONES_CARGA":null,"LUGAR_BULTOS_CARGA":null,"LUGAR_MERCANCIA_CARGA":null,"LUGAR_KILOS_CARGA":null,"LUGAR_METROS_CARGA":null,"LUGAR_MARCAS_CARGA":null,"LUGAR_REF_CARGA":"null","LUGAR_MERCANCIA_CARGA":"","LUGAR_KILOS_CARGA":"","LUGAR_BULTOS_CARGA":""}],"LUGARES_DESCARGA":[{"LUGAR_COD":203396300101,"LUGAR_NOMBRE":"CASA TARRADELLAS","LUGAR_DIRECCION":"SEG\u00DAN ALBAR\u00C1N\/CMR","LUGAR_CP":"08019","LUGAR_POBLACION":"BARCELONA","LUGAR_PROVINCIA":"BARCELONA","LUGAR_PAIS":null,"LUGAR_TELEFONO":null,"LUGAR_IMPORTE":900,"LUGAR_FECHA_DESCARGA":null,"LUGAR_HORA_DESCARGA":null,"LUGAR_REF_DESCARGA":null,"LUGAR_OBSERVACIONES_DESCARGA":null,"LUGAR_BULTOS_DESCARGA":null,"LUGAR_MERCANCIA_DESCARGA":null,"LUGAR_KILOS_DESCARGA":null,"LUGAR_METROS_DESCARGA":null,"LUGAR_MARCAS_DESCARGA":null,"LUGAR_REF_DESCARGA":"null","LUGAR_MERCANCIA_DESCARGA":"","LUGAR_KILOS_DESCARGA":"","LUGAR_BULTOS_DESCARGA":""}],"LUGAR_FIN":0,"LUGAR_FIN_NOMBRE":null,"COMENTARIO_18":"--------------------------------------------------------  GRUPO OBSERVACIONES  ------------------------------------------","OBSERVACIONES":"","OBS_TRANSPORTISTA":"","OBS_RECOGER":"","OBS_DEJAR":"","COMENTARIO_19":"--------------------------------------------------------  GRUPO CMR   ---------------------------------------------------","CMR":[{"LUGAR_CARGA":{"LUGAR_COD":103396300101,"LUGAR_NOMBRE":"SUGALIDAL","LUGAR_DIRECCION":"FONTE DAS SOMBRAS APARTADO 6","LUGAR_CP":"2130-10","LUGAR_POBLACION":"BENAVENTE   FRAZENDES","LUGAR_PROVINCIA":"PORTUGAL","LUGAR_PAIS":null,"LUGAR_TELEFONO":null,"LUGAR_IMPORTE":900,"LUGAR_FECHA_CARGA":null,"LUGAR_HORA_CARGA":null,"LUGAR_REF_CARGA":null,"LUGAR_OBSERVACIONES_CARGA":null,"LUGAR_BULTOS_CARGA":null,"LUGAR_MERCANCIA_CARGA":null,"LUGAR_KILOS_CARGA":null,"LUGAR_METROS_CARGA":null,"LUGAR_MARCAS_CARGA":null,"LUGAR_REF_CARGA":"null","LUGAR_MERCANCIA_CARGA":"","LUGAR_KILOS_CARGA":"","LUGAR_BULTOS_CARGA":""},"LUGAR_DESCARGA":{"LUGAR_COD":203396300101,"LUGAR_NOMBRE":"CASA TARRADELLAS","LUGAR_DIRECCION":"SEG\u00DAN ALBAR\u00C1N\/CMR","LUGAR_CP":"08019","LUGAR_POBLACION":"BARCELONA","LUGAR_PROVINCIA":"BARCELONA","LUGAR_PAIS":null,"LUGAR_TELEFONO":null,"LUGAR_IMPORTE":900,"LUGAR_FECHA_DESCARGA":null,"LUGAR_HORA_DESCARGA":null,"LUGAR_REF_DESCARGA":null,"LUGAR_OBSERVACIONES_DESCARGA":null,"LUGAR_BULTOS_DESCARGA":null,"LUGAR_MERCANCIA_DESCARGA":null,"LUGAR_KILOS_DESCARGA":null,"LUGAR_METROS_DESCARGA":null,"LUGAR_MARCAS_DESCARGA":null,"LUGAR_REF_DESCARGA":"null","LUGAR_MERCANCIA_DESCARGA":"","LUGAR_KILOS_DESCARGA":"","LUGAR_BULTOS_DESCARGA":""},"CONDUCTOR_NOMBRE":"TEODOR-SORIN BORTAN","CONDUCTOR_NIF":"X9360212V","TRACTORA":"2821KXV","PLATAFORMA":"R4577BCT"}],"COMENTARIO_99":"-------------------------------------------------------------------------------------------------------------------------"}