﻿{"COMENTARIO_01":"-----      TRANSPORTE MULTIMODAL  ---------------------------------------------------------------------------------------","COMENTARIO_02":"--------------------------------------------------------  GRUPO AGENCIA  ------------------------------------------------","AGENCIA_CIF":"B-46828158","AGENCIA_NOMBRE":"LEADER TRANSPORT S.L","AGENCIA_OFICINA":"V","AGENCIA_DIRECCION":"C\\ Dr. J.J.Domine, 18 1 Izq.","AGENCIA_CP":"46011","AGENCIA_POBLACION":"VALENCIA","AGENCIA_PROVINCIA":"VALENCIA","AGENCIA_PAIS":"ESPA\u00D1A","AGENCIA_TELEFONO":"96 316 41 60","AGENCIA_EMAIL":"transporte@leader-transport.com","COMENTARIO_03":"--------------------------------------------------------  GRUPO ORDEN TTE  ----------------------------------------------","TTE_COD":33969401,"TTE_RUPTOR":1,"TTE_ORDEN":"339694\/1","TTE_FECHA_CARGA":"2024-10-22","TTE_HORA_CARGA":"12:00:00","TTE_REF_CONSIG":null,"TTE_FECHA_ESTIMADA_RECOGIDA":null,"TTE_FECHA_ESTIMADA_ENTREGA":null,"TTE_BORRADO":false,"TTE_TIPO_ORDEN":"N","TTE_IMPORTACION":false,"TTE_TERRESTRE":false,"TTE_MULTIMODAL":true,"FECHA_CARGA_REAL":null,"HORA_RECOGIDA":null,"HORA_ENTREGA":null,"COMENTARIO_04":"--------------------------------------------------------  GRUPO CONSIGNATARIO  ------------------------------------------","CONSIGNATARIO":null,"CONSIGNATARIO_NIF":null,"COMENTARIO_05":"--------------------------------------------------------  GRUPO TRANSPORTISTA  ------------------------------------------","TRANSPORTISTA_COD":191,"TRANSPORTISTA_NOMBRE":"LEADER T. S.L.","TRANSPORTISTA_DIRECCION":"JJ DOMINE 18 IZQ","TRANSPORTISTA_CP":"46011","TRANSPORTISTA_POBLACION":"VALENCIA","TRANSPORTISTA_PROVINCIA":"VALENCIA","TRANSPORTISTA_PAIS":"ESPA\u00D1A","TRANSPORTISTA_NIF":"B46828158","CONDUCTOR_NOMBRE":"MADALIN TOMA TUDOSE","CONDUCTOR_NIF":"X3611338Q","CONDUCTOR_EMAIL":"madalintudose700@gmail.com","TRACTORA":"2416MLP","PLATAFORMA":"R4556BCT","PLATAFORMA_TIPO":"TAULINER","COMENTARIO_10":"--------------------------------------------------------  GRUPO TEMPERATURA  --------------------------------------------","TEMP_MINIMA":0,"TEMP_MAXIMA":0,"TEMP_MEDIDA":null,"TEMP_CONECTAR":null,"COMENTARIO_11":"--------------------------------------------------------  GRUPO EXTRA  --------------------------------------------------","EXTRA_FRONT":0,"EXTRA_BACK":0,"EXTRA_RIGHT":0,"EXTRA_LEFT":0,"EXTRA_ALTO":0,"COMENTARIO_12":"--------------------------------------------------------  GRUPO IMO  ----------------------------------------------------","IMO_CLASE":null,"IMO_PAGINA":null,"IMO_VERSION":null,"IMO_ONU":null,"IMO_PORT_NOTIFICATION":null,"COMENTARIO_16":"--------------------------------------------------------  GRUPO CARGADOR ------------------------------------------------","CARGADOR_CIF":"B98615917","CARGADOR_NOMBRE":"RAFA GRAU TRANSPORTS,S.L.","CARGADOR_DIRECCION":"RONDA MONTEOLIVET 31_Aptdo  Correos 28","CARGADOR_CP":"46270","CARGADOR_POBLACION":"VILLANUEVA DE CASTELLON","CARGADOR_PROVINCIA":"VALENCIA","CARGADOR_PAIS":"ESPA\u00D1A","CARGADOR_REF_CARGA":"241.002.429","COMENTARIO_17":"--------------------------------------------------------  GRUPO LUGARES  ------------------------------------------------","LUGAR_COMIENZO":24636,"LUGAR_COMIENZO_NOMBRE":"CALATAYUD","LUGARES_CARGA":[{"LUGAR_COD":103396940101,"LUGAR_NOMBRE":"HORMIEBRO","LUGAR_DIRECCION":"POL. IND. SECTOR C","LUGAR_CP":"50750","LUGAR_POBLACION":"PINA DE EBRO","LUGAR_PROVINCIA":"ZARAGOZA","LUGAR_PAIS":null,"LUGAR_TELEFONO":"976 16 58 11","LUGAR_IMPORTE":860,"LUGAR_FECHA_CARGA":null,"LUGAR_HORA_CARGA":null,"LUGAR_REF_CARGA":null,"LUGAR_OBSERVACIONES_CARGA":null,"LUGAR_BULTOS_CARGA":null,"LUGAR_MERCANCIA_CARGA":null,"LUGAR_KILOS_CARGA":null,"LUGAR_METROS_CARGA":null,"LUGAR_MARCAS_CARGA":null,"LUGAR_REF_CARGA":"null","LUGAR_MERCANCIA_CARGA":"","LUGAR_KILOS_CARGA":"","LUGAR_BULTOS_CARGA":""}],"LUGARES_DESCARGA":[{"LUGAR_COD":203396940101,"LUGAR_NOMBRE":"ESPASANTE","LUGAR_DIRECCION":"SEG\u00DAN ALBAR\u00C1N \/ CMR","LUGAR_CP":"15339","LUGAR_POBLACION":"ESPASANTE (PORTO ESPASANTE)","LUGAR_PROVINCIA":"LA CORU\u00D1A","LUGAR_PAIS":null,"LUGAR_TELEFONO":null,"LUGAR_IMPORTE":860,"LUGAR_FECHA_DESCARGA":null,"LUGAR_HORA_DESCARGA":null,"LUGAR_REF_DESCARGA":null,"LUGAR_OBSERVACIONES_DESCARGA":null,"LUGAR_BULTOS_DESCARGA":null,"LUGAR_MERCANCIA_DESCARGA":null,"LUGAR_KILOS_DESCARGA":null,"LUGAR_METROS_DESCARGA":null,"LUGAR_MARCAS_DESCARGA":null,"LUGAR_REF_DESCARGA":"null","LUGAR_MERCANCIA_DESCARGA":"","LUGAR_KILOS_DESCARGA":"","LUGAR_BULTOS_DESCARGA":""}],"LUGAR_FIN":0,"LUGAR_FIN_NOMBRE":null,"COMENTARIO_18":"--------------------------------------------------------  GRUPO OBSERVACIONES  ------------------------------------------","OBSERVACIONES":"","OBS_TRANSPORTISTA":"","OBS_RECOGER":"","OBS_DEJAR":"","COMENTARIO_19":"--------------------------------------------------------  GRUPO CMR   ---------------------------------------------------","CMR":[{"LUGAR_CARGA":{"LUGAR_COD":103396940101,"LUGAR_NOMBRE":"HORMIEBRO","LUGAR_DIRECCION":"POL. IND. SECTOR C","LUGAR_CP":"50750","LUGAR_POBLACION":"PINA DE EBRO","LUGAR_PROVINCIA":"ZARAGOZA","LUGAR_PAIS":null,"LUGAR_TELEFONO":"976 16 58 11","LUGAR_IMPORTE":860,"LUGAR_FECHA_CARGA":null,"LUGAR_HORA_CARGA":null,"LUGAR_REF_CARGA":null,"LUGAR_OBSERVACIONES_CARGA":null,"LUGAR_BULTOS_CARGA":null,"LUGAR_MERCANCIA_CARGA":null,"LUGAR_KILOS_CARGA":null,"LUGAR_METROS_CARGA":null,"LUGAR_MARCAS_CARGA":null,"LUGAR_REF_CARGA":"null","LUGAR_MERCANCIA_CARGA":"","LUGAR_KILOS_CARGA":"","LUGAR_BULTOS_CARGA":""},"LUGAR_DESCARGA":{"LUGAR_COD":203396940101,"LUGAR_NOMBRE":"ESPASANTE","LUGAR_DIRECCION":"SEG\u00DAN ALBAR\u00C1N \/ CMR","LUGAR_CP":"15339","LUGAR_POBLACION":"ESPASANTE (PORTO ESPASANTE)","LUGAR_PROVINCIA":"LA CORU\u00D1A","LUGAR_PAIS":null,"LUGAR_TELEFONO":null,"LUGAR_IMPORTE":860,"LUGAR_FECHA_DESCARGA":null,"LUGAR_HORA_DESCARGA":null,"LUGAR_REF_DESCARGA":null,"LUGAR_OBSERVACIONES_DESCARGA":null,"LUGAR_BULTOS_DESCARGA":null,"LUGAR_MERCANCIA_DESCARGA":null,"LUGAR_KILOS_DESCARGA":null,"LUGAR_METROS_DESCARGA":null,"LUGAR_MARCAS_DESCARGA":null,"LUGAR_REF_DESCARGA":"null","LUGAR_MERCANCIA_DESCARGA":"","LUGAR_KILOS_DESCARGA":"","LUGAR_BULTOS_DESCARGA":""},"CONDUCTOR_NOMBRE":"MADALIN TOMA TUDOSE","CONDUCTOR_NIF":"X3611338Q","TRACTORA":"2416MLP","PLATAFORMA":"R4556BCT"}],"COMENTARIO_99":"-------------------------------------------------------------------------------------------------------------------------"}