﻿{"COMENTARIO_01":"-----      TRANSPORTE MULTIMODAL  ---------------------------------------------------------------------------------------","COMENTARIO_02":"--------------------------------------------------------  GRUPO AGENCIA  ------------------------------------------------","AGENCIA_CIF":"B-46828158","AGENCIA_NOMBRE":"LEADER TRANSPORT S.L","AGENCIA_OFICINA":"V","AGENCIA_DIRECCION":"C\\ Dr. J.J.Domine, 18 1 Izq.","AGENCIA_CP":"46011","AGENCIA_POBLACION":"VALENCIA","AGENCIA_PROVINCIA":"VALENCIA","AGENCIA_PAIS":"ESPA\u00D1A","AGENCIA_TELEFONO":"96 316 41 60","AGENCIA_EMAIL":"transporte@leader-transport.com","COMENTARIO_03":"--------------------------------------------------------  GRUPO ORDEN TTE  ----------------------------------------------","TTE_COD":33965901,"TTE_RUPTOR":1,"TTE_ORDEN":"339659\/1","TTE_FECHA_CARGA":"2024-10-21","TTE_HORA_CARGA":"19:00:00","TTE_REF_CONSIG":null,"TTE_FECHA_ESTIMADA_RECOGIDA":null,"TTE_FECHA_ESTIMADA_ENTREGA":null,"TTE_BORRADO":false,"TTE_TIPO_ORDEN":"N","TTE_IMPORTACION":false,"TTE_TERRESTRE":false,"TTE_MULTIMODAL":true,"FECHA_CARGA_REAL":null,"HORA_RECOGIDA":null,"HORA_ENTREGA":null,"COMENTARIO_04":"--------------------------------------------------------  GRUPO CONSIGNATARIO  ------------------------------------------","CONSIGNATARIO":null,"CONSIGNATARIO_NIF":null,"COMENTARIO_05":"--------------------------------------------------------  GRUPO TRANSPORTISTA  ------------------------------------------","TRANSPORTISTA_COD":191,"TRANSPORTISTA_NOMBRE":"LEADER T. S.L.","TRANSPORTISTA_DIRECCION":"JJ DOMINE 18 IZQ","TRANSPORTISTA_CP":"46011","TRANSPORTISTA_POBLACION":"VALENCIA","TRANSPORTISTA_PROVINCIA":"VALENCIA","TRANSPORTISTA_PAIS":"ESPA\u00D1A","TRANSPORTISTA_NIF":"B46828158","CONDUCTOR_NOMBRE":"TEODOR-SORIN BORTAN","CONDUCTOR_NIF":"X9360212V","CONDUCTOR_EMAIL":"teoexpressrivas@gmail.com","TRACTORA":"2821KXV","PLATAFORMA":"R4577BCT","PLATAFORMA_TIPO":"TAULINER","COMENTARIO_10":"--------------------------------------------------------  GRUPO TEMPERATURA  --------------------------------------------","TEMP_MINIMA":0,"TEMP_MAXIMA":0,"TEMP_MEDIDA":null,"TEMP_CONECTAR":null,"COMENTARIO_11":"--------------------------------------------------------  GRUPO EXTRA  --------------------------------------------------","EXTRA_FRONT":0,"EXTRA_BACK":0,"EXTRA_RIGHT":0,"EXTRA_LEFT":0,"EXTRA_ALTO":0,"COMENTARIO_12":"--------------------------------------------------------  GRUPO IMO  ----------------------------------------------------","IMO_CLASE":null,"IMO_PAGINA":null,"IMO_VERSION":null,"IMO_ONU":null,"IMO_PORT_NOTIFICATION":null,"COMENTARIO_16":"--------------------------------------------------------  GRUPO CARGADOR ------------------------------------------------","CARGADOR_CIF":"B78503406","CARGADOR_NOMBRE":"XPO TRANSPORT SOLUTIONS SPAIN, S.L.","CARGADOR_DIRECCION":"BARRIO SAN MARTIN S\/N - PE\u00D1ACASTILLO","CARGADOR_CP":"39011","CARGADOR_POBLACION":"SANTANDER","CARGADOR_PROVINCIA":"CANTABRIA","CARGADOR_PAIS":"ESPA\u00D1A","CARGADOR_REF_CARGA":"24303623","COMENTARIO_17":"--------------------------------------------------------  GRUPO LUGARES  ------------------------------------------------","LUGAR_COMIENZO":24623,"LUGAR_COMIENZO_NOMBRE":"CASA TARRADELLA","LUGARES_CARGA":[{"LUGAR_COD":103396590101,"LUGAR_NOMBRE":"HINOJOSA PACKAGING PACS","LUGAR_DIRECCION":"Pol Ind LA XAMADA","LUGAR_CP":"08796","LUGAR_POBLACION":"PACS DEL PENEDES","LUGAR_PROVINCIA":"BARCELONA","LUGAR_PAIS":null,"LUGAR_TELEFONO":"938 90 33 88","LUGAR_IMPORTE":500,"LUGAR_FECHA_CARGA":null,"LUGAR_HORA_CARGA":null,"LUGAR_REF_CARGA":null,"LUGAR_OBSERVACIONES_CARGA":null,"LUGAR_BULTOS_CARGA":null,"LUGAR_MERCANCIA_CARGA":null,"LUGAR_KILOS_CARGA":null,"LUGAR_METROS_CARGA":null,"LUGAR_MARCAS_CARGA":null,"LUGAR_REF_CARGA":"null","LUGAR_MERCANCIA_CARGA":"","LUGAR_KILOS_CARGA":"12000","LUGAR_BULTOS_CARGA":"30"}],"LUGARES_DESCARGA":[{"LUGAR_COD":203396590101,"LUGAR_NOMBRE":"FRONERI IBERIA","LUGAR_DIRECCION":"ARAIA","LUGAR_CP":"01250","LUGAR_POBLACION":"ARAIA","LUGAR_PROVINCIA":"ALAVA","LUGAR_PAIS":null,"LUGAR_TELEFONO":null,"LUGAR_IMPORTE":500,"LUGAR_FECHA_DESCARGA":null,"LUGAR_HORA_DESCARGA":null,"LUGAR_REF_DESCARGA":null,"LUGAR_OBSERVACIONES_DESCARGA":null,"LUGAR_BULTOS_DESCARGA":null,"LUGAR_MERCANCIA_DESCARGA":null,"LUGAR_KILOS_DESCARGA":null,"LUGAR_METROS_DESCARGA":null,"LUGAR_MARCAS_DESCARGA":null,"LUGAR_REF_DESCARGA":"null","LUGAR_MERCANCIA_DESCARGA":"","LUGAR_KILOS_DESCARGA":"12000","LUGAR_BULTOS_DESCARGA":"30"}],"LUGAR_FIN":0,"LUGAR_FIN_NOMBRE":null,"COMENTARIO_18":"--------------------------------------------------------  GRUPO OBSERVACIONES  ------------------------------------------","OBSERVACIONES":"","OBS_TRANSPORTISTA":"","OBS_RECOGER":"","OBS_DEJAR":"","COMENTARIO_19":"--------------------------------------------------------  GRUPO CMR   ---------------------------------------------------","CMR":[{"LUGAR_CARGA":{"LUGAR_COD":103396590101,"LUGAR_NOMBRE":"HINOJOSA PACKAGING PACS","LUGAR_DIRECCION":"Pol Ind LA XAMADA","LUGAR_CP":"08796","LUGAR_POBLACION":"PACS DEL PENEDES","LUGAR_PROVINCIA":"BARCELONA","LUGAR_PAIS":null,"LUGAR_TELEFONO":"938 90 33 88","LUGAR_IMPORTE":500,"LUGAR_FECHA_CARGA":null,"LUGAR_HORA_CARGA":null,"LUGAR_REF_CARGA":null,"LUGAR_OBSERVACIONES_CARGA":null,"LUGAR_BULTOS_CARGA":null,"LUGAR_MERCANCIA_CARGA":null,"LUGAR_KILOS_CARGA":null,"LUGAR_METROS_CARGA":null,"LUGAR_MARCAS_CARGA":null,"LUGAR_REF_CARGA":"null","LUGAR_MERCANCIA_CARGA":"","LUGAR_KILOS_CARGA":"12000","LUGAR_BULTOS_CARGA":"30"},"LUGAR_DESCARGA":{"LUGAR_COD":203396590101,"LUGAR_NOMBRE":"FRONERI IBERIA","LUGAR_DIRECCION":"ARAIA","LUGAR_CP":"01250","LUGAR_POBLACION":"ARAIA","LUGAR_PROVINCIA":"ALAVA","LUGAR_PAIS":null,"LUGAR_TELEFONO":null,"LUGAR_IMPORTE":500,"LUGAR_FECHA_DESCARGA":null,"LUGAR_HORA_DESCARGA":null,"LUGAR_REF_DESCARGA":null,"LUGAR_OBSERVACIONES_DESCARGA":null,"LUGAR_BULTOS_DESCARGA":null,"LUGAR_MERCANCIA_DESCARGA":null,"LUGAR_KILOS_DESCARGA":null,"LUGAR_METROS_DESCARGA":null,"LUGAR_MARCAS_DESCARGA":null,"LUGAR_REF_DESCARGA":"null","LUGAR_MERCANCIA_DESCARGA":"","LUGAR_KILOS_DESCARGA":"12000","LUGAR_BULTOS_DESCARGA":"30"},"CONDUCTOR_NOMBRE":"TEODOR-SORIN BORTAN","CONDUCTOR_NIF":"X9360212V","TRACTORA":"2821KXV","PLATAFORMA":"R4577BCT"}],"COMENTARIO_99":"-------------------------------------------------------------------------------------------------------------------------"}