﻿{"COMENTARIO_01":"-----      TRANSPORTE DE CONTENEDOR      --------------------------------------------------------------------------------","COMENTARIO_02":"--------------------------------------------------------  GRUPO AGENCIA  ------------------------------------------------","AGENCIA_CIF":"B-46828158","AGENCIA_NOMBRE":"LEADER TRANSPORT S.L","AGENCIA_OFICINA":"V","AGENCIA_DIRECCION":"C\\ Dr. J.J.Domine, 18 1 Izq.","AGENCIA_CP":"46011","AGENCIA_POBLACION":"VALENCIA","AGENCIA_PROVINCIA":"VALENCIA","AGENCIA_PAIS":"ESPA\u00D1A","AGENCIA_TELEFONO":"96 316 41 60","AGENCIA_EMAIL":"transporte@leader-transport.com","COMENTARIO_03":"--------------------------------------------------------  GRUPO ORDEN TTE  ----------------------------------------------","TTE_COD":33970500,"TTE_RUPTOR":0,"TTE_ORDEN":339705,"TTE_FECHA_CARGA":"2024-10-25","TTE_HORA_CARGA":"08:00:00","TTE_REF_CONSIG":"","TTE_FECHA_ESTIMADA_RECOGIDA":"2024-10-25","TTE_FECHA_ESTIMADA_ENTREGA":"2024-10-25","TTE_BORRADO":false,"TTE_TIPO_ORDEN":"N","TTE_IMPORTACION":false,"TTE_TERRESTRE":false,"TTE_MULTIMODAL":false,"FECHA_CARGA_REAL":null,"HORA_RECOGIDA":"08:00:00","HORA_ENTREGA":"08:00:00","COMENTARIO_04":"--------------------------------------------------------  GRUPO CONSIGNATARIO  ------------------------------------------","CONSIGNATARIO":"CONSIGNACIONES MAR\u00CDTIMAS INTERNACIONALES, S.A.","CONSIGNATARIO_NIF":"T061","COMENTARIO_05":"--------------------------------------------------------  GRUPO TRANSPORTISTA  ------------------------------------------","TRANSPORTISTA_COD":2509,"TRANSPORTISTA_NOMBRE":"DERNIS, S.L.","TRANSPORTISTA_DIRECCION":"C\/ MAESTRO GINER, 17","TRANSPORTISTA_CP":"46270","TRANSPORTISTA_POBLACION":"VILLANUEVA DE CASTELLON","TRANSPORTISTA_PROVINCIA":"VALENCIA","TRANSPORTISTA_PAIS":"ESPA\u00D1A","TRANSPORTISTA_NIF":"B98598741","CONDUCTOR_NOMBRE":"JEAN-CLAUDE DERNIS D","CONDUCTOR_NIF":"20455419R","CONDUCTOR_EMAIL":"jcdernisdernis@gmail.com","TRACTORA":"1233JVS","PLATAFORMA":"R2040BCH","PLATAFORMA_TIPO":null,"COMENTARIO_06":"--------------------------------------------------------  GRUPO CONTENEDORES  -------------------------------------------","MATRICULA":"CCLU7472720","TIPO_CONT":"45G1","TIPO_CONT_DESC":"40 HC","PRECINTO":"25213069","MATRICULA2":null,"TIPO_CONT2":null,"TIPO_CONT_DESC2":null,"PRECINTO2":null,"COMENTARIO_07":"--------------------------------------------------------  GRUPO RECOGER  ------------------------------------------------","RECOGER_EN_COD":1107,"RECOGER_EN_NOMBRE":"CSP NOATUM","RECOGER_EN_DIRECCION":"MUELLE PRINCIPE FELIPE","RECOGER_EN_CP":"46024","RECOGER_EN_POBLACION":"VALENCIA PUERTO","RECOGER_EN_PROVINCIA":"VALENCIA","RECOGER_EN_PAIS":null,"RECOGER_CODIGO_SIC":null,"RECOGER_NIF":"A46604815","COMENTARIO_08":"--------------------------------------------------------  GRUPO DEVOLVER  -----------------------------------------------","DEVOLVER_EN_COD":1107,"DEVOLVER_EN_NOMBRE":"CSP NOATUM","DEVOLVER_EN_DIRECCION":"MUELLE PRINCIPE FELIPE","DEVOLVER_EN_CP":"46024","DEVOLVER_EN_POBLACION":"VALENCIA PUERTO","DEVOLVER_EN_PROVINCIA":"VALENCIA","DEVOLVER_EN_PAIS":null,"DEVOLVER_CODIGO_SIC":null,"DEVOLVER_NIF":"A46604815","COMENTARIO_10":"--------------------------------------------------------  GRUPO TEMPERATURA  --------------------------------------------","TEMP_MINIMA":0,"TEMP_MAXIMA":0,"TEMP_MEDIDA":null,"TEMP_CONECTAR":null,"COMENTARIO_11":"--------------------------------------------------------  GRUPO EXTRA  --------------------------------------------------","EXTRA_FRONT":0,"EXTRA_BACK":0,"EXTRA_RIGHT":0,"EXTRA_LEFT":0,"EXTRA_ALTO":0,"COMENTARIO_12":"--------------------------------------------------------  GRUPO IMO  ----------------------------------------------------","IMO_CLASE":"","IMO_PAGINA":null,"IMO_VERSION":null,"IMO_ONU":"","IMO_PORT_NOTIFICATION":"","COMENTARIO_13":"--------------------------------------------------------  GRUPO LINEA  --------------------------------------------------","COD_LINEA_DEST":"COEU","NOMBRELINEA_DEST":"COSCO EUROPE CONTAINER LINES","ESCALA_DEST":"1202405518","BUQUE_DEST":"CSCL MARS","VIAJE_DEST":"079E-COE","DISTINTIVO_LLAMADA_DEST":"VRJG2","COD_LINEA":"CCBC","NOMBRELINEA":"COSCO CONTAINER LINES","ESCALA":"1202405518","BUQUE":"CSCL MARS","VIAJE":"079E-COE","DISTINTIVO_LLAMADA":"VRJG2","COMENTARIO_14":"--------------------------------------------------------  GRUPO PUERTOS  ------------------------------------------------","PUERTO_ORIGEN_COD":"ESVLC","PUERTO_ORIGEN_NOMBRE":"VALENCIA","PUERTO_DESTINO_COD":"GRPIR","PUERTO_DESTINO_NOMBRE":"PIRAEUS","PUERTO_DESCARGA_COD":"GRPIR","PUERTO_DESCARGA_NOMBRE":"PIRAEUS","PUERTO_TIPO_ORDEN_IMPORTACION":false,"COMENTARIO_15":"--------------------------------------------------------  GRUPO PIF -----------------------------------------------------","PIF":false,"PIF_COD":0,"PIF_NOMBRE":null,"COMENTARIO_16":"--------------------------------------------------------  GRUPO CARGADOR ------------------------------------------------","CARGADOR_CIF":"A46072716","CARGADOR_NOMBRE":"CONSIGNACIONES MARITIMAS INTERNACIONALES, S.A.","CARGADOR_DIRECCION":"DR.J.J.DOMINE, 18 IZQUIERDA","CARGADOR_CP":"46011","CARGADOR_POBLACION":"VALENCIA","CARGADOR_PROVINCIA":"VALENCIA","CARGADOR_PAIS":"ESPA\u00D1A","CARGADOR_REF_CARGA":"43174-94248EC24","COMENTARIO_17":"--------------------------------------------------------  GRUPO LUGARES  ------------------------------------------------","LUGAR_COMIENZO":0,"LUGAR_COMIENZO_NOMBRE":null,"LUGARES":[{"LUGAR_COD":103397050001,"LUGAR_NOMBRE":"","LUGAR_DIRECCION":"","LUGAR_CP":"","LUGAR_POBLACION":null,"LUGAR_PROVINCIA":null,"LUGAR_PAIS":null,"LUGAR_TELEFONO":null,"LUGAR_FECHA_CARGA":"2024-10-25","LUGAR_HORA_CARGA":"00:00:00","LUGAR_REF_CARGA":"9018634510","LUGAR_OBSERVACIONES_CARGA":null,"LUGAR_BULTOS_CARGA":null,"LUGAR_MERCANCIA_CARGA":null,"LUGAR_KILOS_CARGA":null,"LUGAR_METROS_CARGA":null,"LUGAR_MARCAS_CARGA":null,"LUGAR_COD":103397050001,"LUGAR_NOMBRE":"TODIJUSE","LUGAR_DIRECCION":"C\/ ISLAS BALEARES, N58. POL.IND. FUENTE DE JARRO","LUGAR_CP":"46988","LUGAR_POBLACION":"PATERNA","LUGAR_PROVINCIA":"VALENCIA","LUGAR_PAIS":null,"LUGAR_TELEFONO":"961524505","LUGAR_FECHA_CARGA":"2024-10-25","LUGAR_HORA_CARGA":"00:00:00","LUGAR_REF_CARGA":"9018634510","LUGAR_OBSERVACIONES_CARGA":null,"LUGAR_BULTOS_CARGA":null,"LUGAR_MERCANCIA_CARGA":null,"LUGAR_KILOS_CARGA":null,"LUGAR_METROS_CARGA":null,"LUGAR_MARCAS_CARGA":null,"LUGAR_REF_CARGA":"2407VA13090 - 2407HC07068","LUGAR_MERCANCIA_CARGA":"PACKAGES","LUGAR_KILOS_CARGA":"24000","LUGAR_BULTOS_CARGA":"0"}],"LUGAR_FIN":0,"LUGAR_FIN_NOMBRE":null,"COMENTARIO_18":"--------------------------------------------------------  GRUPO OBSERVACIONES  ------------------------------------------","OBSERVACIONES":"      ENVIAR FOTO DEL PRECINTO DE GESTRANS\r\n\r\n El cesionario adquiere el derecho del transporte referenciado en este documento bajo su estricta y exclusiva responsabilidad. El cesionario del presente transporte será responsable de cualquier multa y/o sanción que se derive de un exceso de peso transportado, que recaiga en virtud del Real Decreto 2822/1998, de 23 de diciembre, por el que se aprue ba el Reglamento General de Vehículos o en virtud cualquier norma análoga/aplicable en el momento de la sanción y/o multa. Asimismo, el cesionario indemnizará y mantendrá indemne a la naviera de cualquier perjuicio, daño o gasto derivado de cualquier multa y/o sanción derivada de un exceso de peso relacionada con la presente cesión de transporte.","OBS_TRANSPORTISTA":"ok sobre\r\n","OBS_RECOGER":"","OBS_DEJAR":"","COMENTARIO_19":"--------------------------------------------------------  GRUPO PCS  ----------------------------------------------------","PCS_DOCUMENT_NUMBER":"T06124102300000781","PCS_BOOKING_NUMBER":"9018634510","PCS_BL_NUMBER":null,"COMENTARIO_20":"--------------------------------------------------------  GRUPO ORDEN ENTREGA  ------------------------------------------","OE_PCS":"T07324102300218998","OE_CODIGO_BARRAS":"01005371587530719149","OE_PCS_LOCATOR":"RL4L86","OE_FECHA_DESDE":"2024-10-24","OE_FECHA_HASTA":"2024-10-28","OE_CPR":null,"OE_REF":null,"COMENTARIO_21":"--------------------------------------------------------  GRUPO ORDEN ADMISION  -----------------------------------------","OA_PCS":"T07324102300218999","OA_CODIGO_BARRAS":"01005371587530771869","OA_PCS_LOCATOR":"RL4L8N","OA_FECHA_DESDE":"2024-10-24","OA_FECHA_HASTA":"2024-10-28","OA_CPR":null,"OA_REF":null}