[
    {
        "archivo": "33509501.json",
        "estado": "Éxito",
        "fecha_hora": "2025-05-26 13:33:47"
    },
    {
        "archivo": "33509502.json",
        "estado": "Éxito",
        "fecha_hora": "2025-05-26 13:33:47"
    },
    {
        "archivo": "33509503.json",
        "estado": "Éxito",
        "fecha_hora": "2025-05-26 13:33:47"
    },
    {
        "archivo": "33922200.json",
        "estado": "Éxito",
        "fecha_hora": "2025-05-26 13:33:47"
    },
    {
        "archivo": "33923201.json",
        "estado": "Éxito",
        "fecha_hora": "2025-05-26 13:33:47"
    },
    {
        "archivo": "33948301.json",
        "estado": "Éxito",
        "fecha_hora": "2025-05-26 13:33:47"
    },
    {
        "archivo": "33948301_End.json",
        "estado": "Éxito",
        "fecha_hora": "2025-05-26 13:33:47"
    },
    {
        "archivo": "33948401.json",
        "estado": "Éxito",
        "fecha_hora": "2025-05-26 13:33:47"
    },
    {
        "archivo": "33948402.json",
        "estado": "Éxito",
        "fecha_hora": "2025-05-26 13:33:47"
    },
    {
        "archivo": "33948403.json",
        "estado": "Éxito",
        "fecha_hora": "2025-05-26 13:33:47"
    },
    {
        "archivo": "33952101.json",
        "estado": "Éxito",
        "fecha_hora": "2025-05-26 13:33:47"
    },
    {
        "archivo": "33952201.json",
        "estado": "Éxito",
        "fecha_hora": "2025-05-26 13:33:47"
    },
    {
        "archivo": "33955001.json",
        "estado": "Éxito",
        "fecha_hora": "2025-05-26 13:33:47"
    },
    {
        "archivo": "33958701.json",
        "estado": "Éxito",
        "fecha_hora": "2025-05-26 13:33:47"
    },
    {
        "archivo": "33960501.json",
        "estado": "Éxito",
        "fecha_hora": "2025-05-26 13:33:47"
    },
    {
        "archivo": "33960801.json",
        "estado": "Éxito",
        "fecha_hora": "2025-05-26 13:33:47"
    },
    {
        "archivo": "33963001.json",
        "estado": "Éxito",
        "fecha_hora": "2025-05-26 13:33:47"
    },
    {
        "archivo": "33965901.json",
        "estado": "Éxito",
        "fecha_hora": "2025-05-26 13:33:47"
    },
    {
        "archivo": "33969401.json",
        "estado": "Éxito",
        "fecha_hora": "2025-05-26 13:33:47"
    },
    {
        "archivo": "33970500.json",
        "estado": "Éxito",
        "fecha_hora": "2025-05-26 13:33:47"
    },
    {
        "archivo": "33971901.json",
        "estado": "Éxito",
        "fecha_hora": "2025-05-26 13:33:47"
    }
]